{
  "manifest": {
    "apis": {
      "custom": {
        "endpoint": {
          "uri": "arn:aws:lambda:us-east-1:738968669135:function:275ce4b0-c22b-46d0-9907-17e6e768dcc1:Release_0"
        },
        "interfaces": [],
        "locales": {},
        "regions": {
          "NA": {
            "endpoint": {
              "uri": "arn:aws:lambda:us-east-1:738968669135:function:275ce4b0-c22b-46d0-9907-17e6e768dcc1:Release_0"
            }
          },
          "EU": {
            "endpoint": {
              "uri": "arn:aws:lambda:eu-west-1:738968669135:function:275ce4b0-c22b-46d0-9907-17e6e768dcc1:Release_0"
            }
          },
          "FE": {
            "endpoint": {
              "uri": "arn:aws:lambda:us-west-2:738968669135:function:275ce4b0-c22b-46d0-9907-17e6e768dcc1:Release_0"
            }
          }
        }
      }
    },
    "manifestVersion": "1.0",
    "privacyAndCompliance": {
      "locales": {
        "en-US": {}
      },
      "shoppingKit": {
        "isAmazonAssociatesOnAlexaEnabled": false,
        "isShoppingActionsEnabled": false
      }
    },
    "publishingInformation": {
      "automaticDistribution": {
        "isActive": false
      },
      "distributionCountries": [],
      "isAvailableWorldwide": true,
      "locales": {
        "en-US": {
          "description": "Sample Full Description",
          "examplePhrases": [
            "Alexa, open gluco check",
            "open gluco check",
            "what is my last value"
          ],
          "keywords": [],
          "name": "Alexa Gluco Check",
          "summary": "Sample Short Description"
        }
      },
      "testingInstructions": "{\"ask_dist_username\":\"\",\"ask_dist_password\":\"\",\"ask_dist_testing_instructions\":\"Sample Testing Instructions.\"}"
    }
  }
}